"","sp","Date","Sum","Type","Season"
"1","CYGOLO","08.04.06",380,"Local","Spring"
"2","CYGOLO","26.11.93",230,"Local","Autumn"
"3","CYGOLO","08.12.02",230,"Local","Autumn"
"4","CYGOLO","11.03.03",72,"Migr","Spring"
"5","CYGOLO","31.12.02",47,"Migr","Autumn"
"6","CYGCOL","08.04.82",4,"Local","Spring"
"7","CYGCOL","04.10.84",7,"Local","Autumn"
"8","CYGCOL","05.10.84",7,"Local","Autumn"
"9","CYGCOL","20.04.01",4,"Migr","Spring"
"10","CYGCOL","20.03.02",4,"Migr","Spring"
"11","CYGCOL","09.04.06",4,"Migr","Spring"
"12","CYGCOL","29.09.84",43,"Migr","Autumn"
"13","CYGCYG","08.02.14",130,"Local","Spring"
"14","CYGCYG","21.12.12",78,"Local","Autumn"
"15","CYGCYG","05.04.11",61,"Migr","Spring"
"16","CYGCYG","01.12.12",352,"Migr","Autumn"
"17","ANSFAB","12.05.91",2,"Local","Spring"
"18","ANSFAB","15.04.98",2,"Local","Spring"
"19","ANSFAB","12.04.99",2,"Local","Spring"
"20","ANSFAB","10.09.00",12,"Local","Autumn"
"21","ANSFAB","19.03.17",223,"Migr","Spring"
"22","ANSFAB","01.10.06",658,"Migr","Autumn"
"23","ANSBRA","13.04.16",6,"Migr","Spring"
"24","ANSBRA","29.09.08",3,"Migr","Autumn"
"25","ANSALB","07.05.94",4,"Local","Spring"
"26","ANSALB","06.10.89",15,"Local","Autumn"
"27","ANSALB","03.05.91",88,"Migr","Spring"
"28","ANSALB","01.10.17",1824,"Migr","Autumn"
"29","ANSANS","27.05.00",35,"Local","Spring"
"30","ANSANS","21.05.07",35,"Local","Spring"
"31","ANSANS","26.08.07",950,"Local","Autumn"
"32","ANSANS","01.04.11",248,"Migr","Spring"
"33","ANSANS","29.09.04",1445,"Migr","Autumn"
"34","ANSCAE","01.06.88",2,"Migr","Spring"
"35","BRACAN","11.04.13",38,"Local","Spring"
"36","BRACAN","12.04.13",38,"Local","Spring"
"37","BRACAN","06.12.05",42,"Local","Autumn"
"38","BRACAN","07.12.05",42,"Local","Autumn"
"39","BRACAN","15.04.13",158,"Migr","Spring"
"40","BRACAN","14.11.09",269,"Migr","Autumn"
"41","BRALEU","19.05.07",130,"Local","Spring"
"42","BRALEU","02.10.16",450,"Local","Autumn"
"43","BRALEU","16.05.14",10446,"Migr","Spring"
"44","BRALEU","26.09.12",25131,"Migr","Autumn"
"45","BRABER","29.05.13",1500,"Local","Spring"
"46","BRABER","11.10.84",210,"Local","Autumn"
"47","BRABER","25.05.94",26888,"Migr","Spring"
"48","BRABER","01.10.08",3070,"Migr","Autumn"
"49","TADTAD","04.04.01",20,"Local","Spring"
"50","TADTAD","11.07.97",16,"Local","Autumn"
"51","TADTAD","12.07.97",16,"Local","Autumn"
"52","TADTAD","13.07.97",16,"Local","Autumn"
"53","TADTAD","13.04.81",10,"Migr","Spring"
"54","TADTAD","09.04.82",10,"Migr","Spring"
"55","TADTAD","17.05.99",10,"Migr","Spring"
"56","TADTAD","19.04.00",10,"Migr","Spring"
"57","TADTAD","06.08.99",8,"Migr","Autumn"
"58","TADTAD","03.07.13",8,"Migr","Autumn"
"59","ANAPEN","20.04.02",300,"Local","Spring"
"60","ANAPEN","10.09.17",600,"Local","Autumn"
"61","ANAPEN","14.04.03",283,"Migr","Spring"
"62","ANAPEN","03.10.04",7652,"Migr","Autumn"
"63","ANASTR","13.05.14",11,"Local","Spring"
"64","ANASTR","25.05.16",11,"Local","Spring"
"65","ANASTR","22.06.06",12,"Local","Autumn"
"66","ANASTR","12.04.09",8,"Migr","Spring"
"67","ANASTR","12.10.02",3,"Migr","Autumn"
"68","ANASTR","06.09.04",3,"Migr","Autumn"
"69","ANASTR","21.09.10",3,"Migr","Autumn"
"70","ANASTR","19.08.14",3,"Migr","Autumn"
"71","ANASTR","18.08.15",3,"Migr","Autumn"
"72","ANACRE","23.04.13",500,"Local","Spring"
"73","ANACRE","01.09.15",450,"Local","Autumn"
"74","ANACRE","26.04.03",164,"Migr","Spring"
"75","ANACRE","28.08.01",589,"Migr","Autumn"
"76","ANAPLA","16.04.06",650,"Local","Spring"
"77","ANAPLA","21.12.12",520,"Local","Autumn"
"78","ANAPLA","08.04.10",712,"Migr","Spring"
"79","ANAPLA","07.11.99",545,"Migr","Autumn"
"80","ANAACU","23.04.13",61,"Local","Spring"
"81","ANAACU","17.09.00",49,"Local","Autumn"
"82","ANAACU","20.04.11",178,"Migr","Spring"
"83","ANAACU","03.10.04",541,"Migr","Autumn"
"84","ANAQUE","04.05.14",7,"Local","Spring"
"85","ANAQUE","31.07.89",10,"Local","Autumn"
"86","ANAQUE","06.05.79",6,"Migr","Spring"
"87","ANAQUE","27.08.07",6,"Migr","Autumn"
"88","ANACLY","26.04.09",38,"Local","Spring"
"89","ANACLY","09.09.17",50,"Local","Autumn"
"90","ANACLY","03.05.04",122,"Migr","Spring"
"91","ANACLY","28.08.01",132,"Migr","Autumn"
"92","AYTFER","27.04.79",20,"Local","Spring"
"93","AYTFER","27.09.98",6,"Local","Autumn"
"94","AYTFER","11.04.81",27,"Migr","Spring"
"95","AYTFER","20.04.85",27,"Migr","Spring"
"96","AYTFER","17.10.80",60,"Migr","Autumn"
"97","AYTFUL","18.03.09",720,"Local","Spring"
"98","AYTFUL","10.10.13",300,"Local","Autumn"
"99","AYTFUL","29.09.17",300,"Local","Autumn"
"100","AYTFUL","20.04.11",215,"Migr","Spring"
"101","AYTFUL","21.09.17",505,"Migr","Autumn"
"102","AYTMAR","23.01.09",61,"Local","Spring"
"103","AYTMAR","23.10.88",100,"Local","Autumn"
"104","AYTMAR","24.10.88",100,"Local","Autumn"
"105","AYTMAR","28.10.88",100,"Local","Autumn"
"106","AYTMAR","18.04.83",153,"Migr","Spring"
"107","AYTMAR","21.09.17",216,"Migr","Autumn"
"108","SOMMOL","11.04.80",17000,"Local","Spring"
"109","SOMMOL","19.09.92",30000,"Local","Autumn"
"110","SOMMOL","05.04.11",25830,"Migr","Spring"
"111","SOMMOL","28.09.07",2708,"Migr","Autumn"
"112","SOMSPE","30.04.80",2,"Migr","Spring"
"113","SOMSPE","11.04.83",2,"Migr","Spring"
"114","SOMSPE","06.04.94",2,"Migr","Spring"
"115","POLSTE","03.05.15",65,"Local","Spring"
"116","POLSTE","30.11.95",5,"Local","Autumn"
"117","POLSTE","05.12.95",5,"Local","Autumn"
"118","POLSTE","10.05.10",90,"Migr","Spring"
"119","POLSTE","10.11.03",10,"Migr","Autumn"
"120","CLAHYE","16.05.85",25000,"Local","Spring"
"121","CLAHYE","18.05.85",25000,"Local","Spring"
"122","CLAHYE","19.10.09",30000,"Local","Autumn"
"123","CLAHYE","01.11.09",30000,"Local","Autumn"
"124","CLAHYE","19.05.03",13889,"Migr","Spring"
"125","CLAHYE","05.10.14",38408,"Migr","Autumn"
"126","MELNIG","06.05.16",500,"Local","Spring"
"127","MELNIG","04.07.12",160,"Local","Autumn"
"128","MELNIG","06.05.16",8690,"Migr","Spring"
"129","MELNIG","25.09.11",1731,"Migr","Autumn"
"130","MELFUS","05.01.06",75,"Local","Spring"
"131","MELFUS","25.12.08",90,"Local","Autumn"
"132","MELFUS","04.06.12",90,"Local","Autumn"
"133","MELFUS","27.05.17",686,"Migr","Spring"
"134","MELFUS","01.06.00",150,"Migr","Autumn"
"135","BUCCLA","16.04.06",1567,"Local","Spring"
"136","BUCCLA","02.10.16",850,"Local","Autumn"
"137","BUCCLA","05.04.11",418,"Migr","Spring"
"138","BUCCLA","29.05.03",860,"Migr","Autumn"
"139","MERALB","13.04.84",28,"Local","Spring"
"140","MERALB","15.02.14",28,"Local","Spring"
"141","MERALB","10.10.79",10,"Local","Autumn"
"142","MERALB","10.04.04",48,"Migr","Spring"
"143","MERALB","20.10.01",22,"Migr","Autumn"
"144","MERSER","18.04.80",100,"Local","Spring"
"145","MERSER","17.07.08",100,"Local","Autumn"
"146","MERSER","05.04.11",263,"Migr","Spring"
"147","MERSER","14.10.01",128,"Migr","Autumn"
"148","MERMER","16.04.99",400,"Local","Spring"
"149","MERMER","31.08.88",450,"Local","Autumn"
"150","MERMER","27.04.85",207,"Migr","Spring"
"151","MERMER","31.12.02",390,"Migr","Autumn"
"152","TETRIX","20.04.00",4,"Local","Spring"
"153","TETRIX","21.04.00",4,"Local","Spring"
"154","TETRIX","22.04.00",4,"Local","Spring"
"155","TETRIX","11.03.07",4,"Local","Spring"
"156","TETRIX","13.02.14",4,"Local","Spring"
"157","TETRIX","28.02.14",4,"Local","Spring"
"158","TETRIX","20.04.14",4,"Local","Spring"
"159","TETRIX","23.10.88",6,"Local","Autumn"
"160","TETRIX","24.10.88",6,"Local","Autumn"
"161","TETRIX","01.11.88",6,"Local","Autumn"
"162","TETRIX","14.04.05",8,"Migr","Spring"
"163","TETRIX","23.10.80",4,"Migr","Autumn"
"164","TETRIX","05.10.88",4,"Migr","Autumn"
"165","TETRIX","08.10.88",4,"Migr","Autumn"
"166","TETRIX","19.10.05",4,"Migr","Autumn"
"167","PERPER","04.05.79",5,"Local","Spring"
"168","PHACOL","06.11.10",2,"Local","Autumn"
"169","GAVSTE","03.05.03",20,"Local","Spring"
"170","GAVSTE","03.10.81",3,"Local","Autumn"
"171","GAVSTE","15.10.82",3,"Local","Autumn"
"172","GAVSTE","23.07.83",3,"Local","Autumn"
"173","GAVSTE","30.05.04",79,"Migr","Spring"
"174","GAVSTE","16.09.00",69,"Migr","Autumn"
"175","GAVARC","27.05.80",15,"Local","Spring"
"176","GAVARC","26.10.81",10,"Local","Autumn"
"177","GAVARC","18.05.12",739,"Migr","Spring"
"178","GAVARC","08.10.03",288,"Migr","Autumn"
"179","TACRUF","15.02.09",3,"Local","Spring"
"180","TACRUF","18.02.09",3,"Local","Spring"
"181","TACRUF","19.02.09",3,"Local","Spring"
"182","TACRUF","20.02.09",3,"Local","Spring"
"183","TACRUF","21.02.09",3,"Local","Spring"
"184","TACRUF","23.02.09",3,"Local","Spring"
"185","PODCRI","29.04.79",150,"Local","Spring"
"186","PODCRI","29.09.84",82,"Local","Autumn"
"187","PODCRI","01.05.97",46,"Migr","Spring"
"188","PODCRI","25.08.13",15,"Migr","Autumn"
"189","PODGRI","21.04.08",33,"Local","Spring"
"190","PODGRI","04.09.88",9,"Local","Autumn"
"191","PODGRI","27.09.88",9,"Local","Autumn"
"192","PODGRI","28.04.01",19,"Migr","Spring"
"193","PODGRI","03.08.00",5,"Migr","Autumn"
"194","PODAUR","25.04.11",9,"Local","Spring"
"195","PODAUR","26.08.85",5,"Local","Autumn"
"196","PODAUR","28.08.85",5,"Local","Autumn"
"197","PODAUR","29.08.85",5,"Local","Autumn"
"198","PODAUR","24.04.82",2,"Migr","Spring"
"199","PODAUR","24.04.00",2,"Migr","Spring"
"200","PODAUR","28.04.01",2,"Migr","Spring"
"201","PODAUR","05.05.02",2,"Migr","Spring"
"202","PODAUR","12.05.03",2,"Migr","Spring"
"203","PODAUR","01.05.09",2,"Migr","Spring"
"204","PODAUR","12.05.13",2,"Migr","Spring"
"205","PODAUR","07.10.91",3,"Migr","Autumn"
"206","PHACAR","18.05.07",860,"Local","Spring"
"207","PHACAR","19.09.05",2800,"Local","Autumn"
"208","PHACAR","16.04.06",1319,"Migr","Spring"
"209","PHACAR","09.08.05",2442,"Migr","Autumn"
"210","EGRALB","29.04.17",2,"Local","Spring"
"211","EGRALB","21.09.17",3,"Local","Autumn"
"212","EGRALB","22.09.17",3,"Local","Autumn"
"213","EGRALB","23.09.17",3,"Local","Autumn"
"214","EGRALB","05.04.16",2,"Migr","Spring"
"215","EGRALB","12.05.16",2,"Migr","Spring"
"216","ARDCIN","11.02.09",17,"Local","Spring"
"217","ARDCIN","19.09.14",42,"Local","Autumn"
"218","ARDCIN","08.04.01",27,"Migr","Spring"
"219","ARDCIN","06.07.09",60,"Migr","Autumn"
"220","CICNIG","21.08.00",4,"Migr","Autumn"
"221","CICCIC","23.05.95",12,"Migr","Spring"
"222","CICCIC","29.08.99",3,"Migr","Autumn"
"223","PERAPI","27.07.91",4,"Local","Autumn"
"224","PERAPI","06.06.97",26,"Migr","Spring"
"225","PERAPI","18.09.10",173,"Migr","Autumn"
"226","MILMIG","26.08.08",2,"Local","Autumn"
"227","MILMIG","29.08.08",2,"Local","Autumn"
"228","MILMIG","30.08.08",2,"Local","Autumn"
"229","MILMIG","23.08.08",2,"Migr","Autumn"
"230","MILMIG","29.08.14",2,"Migr","Autumn"
"231","HALALB","12.02.06",28,"Local","Spring"
"232","HALALB","03.10.16",24,"Local","Autumn"
"233","HALALB","26.03.04",12,"Migr","Spring"
"234","HALALB","29.10.06",21,"Migr","Autumn"
"235","CIRAER","27.08.99",2,"Local","Autumn"
"236","CIRAER","23.08.06",2,"Local","Autumn"
"237","CIRAER","20.08.11",2,"Local","Autumn"
"238","CIRAER","23.08.12",2,"Local","Autumn"
"239","CIRAER","06.09.12",2,"Local","Autumn"
"240","CIRAER","24.04.97",5,"Migr","Spring"
"241","CIRAER","15.04.03",5,"Migr","Spring"
"242","CIRAER","17.04.13",5,"Migr","Spring"
"243","CIRAER","03.09.04",31,"Migr","Autumn"
"244","CIRCYA","06.09.84",3,"Local","Autumn"
"245","CIRCYA","25.04.92",7,"Migr","Spring"
"246","CIRCYA","12.09.82",47,"Migr","Autumn"
"247","CIRMAC","12.09.01",2,"Migr","Autumn"
"248","CIRMAC","01.09.15",2,"Migr","Autumn"
"249","CIRMAC","05.09.15",2,"Migr","Autumn"
"250","CIRMAC","19.08.16",2,"Migr","Autumn"
"251","ACCGEN","01.01.93",2,"Local","Spring"
"252","ACCGEN","05.01.97",2,"Local","Spring"
"253","ACCGEN","07.03.98",2,"Local","Spring"
"254","ACCGEN","28.02.09",2,"Local","Spring"
"255","ACCGEN","05.04.15",2,"Local","Spring"
"256","ACCGEN","13.10.90",6,"Local","Autumn"
"257","ACCGEN","05.04.85",3,"Migr","Spring"
"258","ACCGEN","15.10.03",41,"Migr","Autumn"
"259","ACCNIS","08.04.00",4,"Local","Spring"
"260","ACCNIS","11.09.92",50,"Local","Autumn"
"261","ACCNIS","26.08.00",50,"Local","Autumn"
"262","ACCNIS","10.04.98",44,"Migr","Spring"
"263","ACCNIS","26.08.08",1030,"Migr","Autumn"
"264","BUTBUT","10.05.79",2,"Local","Spring"
"265","BUTBUT","31.01.09",2,"Local","Spring"
"266","BUTBUT","13.01.10",2,"Local","Spring"
"267","BUTBUT","31.08.95",3,"Local","Autumn"
"268","BUTBUT","25.08.00",3,"Local","Autumn"
"269","BUTBUT","24.08.14",3,"Local","Autumn"
"270","BUTBUT","12.05.03",21,"Migr","Spring"
"271","BUTBUT","08.10.08",385,"Migr","Autumn"
"272","BUTLAG","23.01.12",3,"Local","Spring"
"273","BUTLAG","29.09.92",5,"Local","Autumn"
"274","BUTLAG","01.10.92",5,"Local","Autumn"
"275","BUTLAG","12.04.95",58,"Migr","Spring"
"276","BUTLAG","14.10.03",87,"Migr","Autumn"
"277","AQUCHR","29.10.06",11,"Migr","Autumn"
"278","PANHAL","15.05.04",2,"Local","Spring"
"279","PANHAL","01.06.04",2,"Local","Spring"
"280","PANHAL","25.05.12",2,"Local","Spring"
"281","PANHAL","18.08.02",4,"Local","Autumn"
"282","PANHAL","12.08.03",4,"Local","Autumn"
"283","PANHAL","16.04.06",8,"Migr","Spring"
"284","PANHAL","13.09.01",19,"Migr","Autumn"
"285","FALTIN","11.04.81",3,"Local","Spring"
"286","FALTIN","15.04.81",3,"Local","Spring"
"287","FALTIN","17.04.87",3,"Local","Spring"
"288","FALTIN","11.04.00",3,"Local","Spring"
"289","FALTIN","20.04.13",3,"Local","Spring"
"290","FALTIN","02.09.81",15,"Local","Autumn"
"291","FALTIN","30.04.12",12,"Migr","Spring"
"292","FALTIN","26.08.08",69,"Migr","Autumn"
"293","FALCOL","05.09.11",5,"Local","Autumn"
"294","FALCOL","24.04.11",5,"Migr","Spring"
"295","FALCOL","26.09.10",18,"Migr","Autumn"
"296","FALSUB","25.05.12",3,"Local","Spring"
"297","FALSUB","18.05.13",3,"Local","Spring"
"298","FALSUB","17.05.15",3,"Local","Spring"
"299","FALSUB","27.05.15",3,"Local","Spring"
"300","FALSUB","11.05.16",3,"Local","Spring"
"301","FALSUB","18.09.13",15,"Local","Autumn"
"302","FALSUB","08.05.13",18,"Migr","Spring"
"303","FALSUB","13.09.01",33,"Migr","Autumn"
"304","FALPER","30.09.14",3,"Local","Autumn"
"305","FALPER","29.04.09",2,"Migr","Spring"
"306","FALPER","08.10.11",4,"Migr","Autumn"
"307","FALPER","30.09.12",4,"Migr","Autumn"
"308","RALAQU","14.08.10",2,"Local","Autumn"
"309","RALAQU","11.09.11",2,"Local","Autumn"
"310","CRECRE","22.05.12",2,"Local","Spring"
"311","CRECRE","12.05.14",2,"Local","Spring"
"312","CRECRE","05.06.16",2,"Local","Spring"
"313","FULATR","17.04.94",100,"Local","Spring"
"314","GRUGRU","06.05.15",7,"Local","Spring"
"315","GRUGRU","29.08.93",31,"Local","Autumn"
"316","GRUGRU","22.04.13",10075,"Migr","Spring"
"317","GRUGRU","28.09.07",13603,"Migr","Autumn"
"318","RECAVO","18.04.92",2,"Local","Spring"
"319","RECAVO","24.04.12",2,"Local","Spring"
"320","RECAVO","09.05.09",4,"Migr","Spring"
"321","HAEOST","15.04.98",310,"Local","Spring"
"322","HAEOST","30.07.97",103,"Local","Autumn"
"323","HAEOST","04.05.13",2356,"Migr","Spring"
"324","HAEOST","12.08.97",440,"Migr","Autumn"
"325","PLUAPR","14.04.06",6,"Local","Spring"
"326","PLUAPR","30.08.02",28,"Local","Autumn"
"327","PLUAPR","26.04.08",163,"Migr","Spring"
"328","PLUAPR","09.09.95",131,"Migr","Autumn"
"329","PLUSQU","30.05.87",200,"Local","Spring"
"330","PLUSQU","06.10.82",15,"Local","Autumn"
"331","PLUSQU","01.08.89",15,"Local","Autumn"
"332","PLUSQU","03.08.08",15,"Local","Autumn"
"333","PLUSQU","27.05.87",2762,"Migr","Spring"
"334","PLUSQU","03.08.08",547,"Migr","Autumn"
"335","VANVAN","12.04.84",120,"Local","Spring"
"336","VANVAN","26.07.97",33,"Local","Autumn"
"337","VANVAN","01.04.11",2644,"Migr","Spring"
"338","VANVAN","24.07.10",162,"Migr","Autumn"
"339","CHADUB","15.05.97",6,"Local","Spring"
"340","CHADUB","25.07.94",11,"Local","Autumn"
"341","CHADUB","19.04.99",5,"Migr","Spring"
"342","CHADUB","07.08.89",6,"Migr","Autumn"
"343","CHAHIA","21.05.00",50,"Local","Spring"
"344","CHAHIA","21.08.96",70,"Local","Autumn"
"345","CHAHIA","31.08.96",70,"Local","Autumn"
"346","CHAHIA","31.08.02",70,"Local","Autumn"
"347","CHAHIA","27.08.15",70,"Local","Autumn"
"348","CHAHIA","31.05.14",121,"Migr","Spring"
"349","CHAHIA","28.08.01",153,"Migr","Autumn"
"350","CHAMOR","22.05.11",22,"Migr","Spring"
"351","CHAMOR","02.09.04",8,"Migr","Autumn"
"352","NUMPHA","02.05.16",25,"Local","Spring"
"353","NUMPHA","18.07.83",6,"Local","Autumn"
"354","NUMPHA","07.05.11",254,"Migr","Spring"
"355","NUMPHA","19.07.04",75,"Migr","Autumn"
"356","NUMARQ","21.04.85",358,"Local","Spring"
"357","NUMARQ","19.06.91",30,"Local","Autumn"
"358","NUMARQ","20.04.11",1881,"Migr","Spring"
"359","NUMARQ","19.06.10",457,"Migr","Autumn"
"360","LIMLIM","26.04.81",2,"Migr","Spring"
"361","LIMLAP","13.05.80",500,"Local","Spring"
"362","LIMLAP","27.07.97",28,"Local","Autumn"
"363","LIMLAP","09.05.08",1449,"Migr","Spring"
"364","LIMLAP","03.08.08",413,"Migr","Autumn"
"365","AREINT","09.05.79",12,"Local","Spring"
"366","AREINT","27.07.89",9,"Local","Autumn"
"367","AREINT","19.05.03",13,"Migr","Spring"
"368","AREINT","18.07.07",4,"Migr","Autumn"
"369","CALCAN","08.06.84",150,"Local","Spring"
"370","CALCAN","21.08.98",31,"Local","Autumn"
"371","CALCAN","06.06.80",2670,"Migr","Spring"
"372","CALCAN","26.07.12",60,"Migr","Autumn"
"373","CALPUG","14.05.11",38,"Local","Spring"
"374","CALPUG","17.09.96",300,"Local","Autumn"
"375","CALPUG","08.05.10",553,"Migr","Spring"
"376","CALPUG","06.08.10",51,"Migr","Autumn"
"377","CALFAL","27.05.17",12,"Local","Spring"
"378","CALFAL","30.07.98",11,"Local","Autumn"
"379","CALFAL","29.05.01",9,"Migr","Spring"
"380","CALFAL","30.05.14",9,"Migr","Spring"
"381","CALFAL","10.07.04",22,"Migr","Autumn"
"382","CALFER","07.09.85",21,"Local","Autumn"
"383","CALFER","28.08.01",13,"Migr","Autumn"
"384","CALTEM","23.05.88",14,"Local","Spring"
"385","CALTEM","22.05.98",14,"Local","Spring"
"386","CALTEM","17.05.01",14,"Local","Spring"
"387","CALTEM","01.08.97",9,"Local","Autumn"
"388","CALTEM","12.05.02",13,"Migr","Spring"
"389","CALTEM","03.07.11",24,"Migr","Autumn"
"390","CALALB","17.05.02",2,"Local","Spring"
"391","CALALB","08.06.07",2,"Local","Spring"
"392","CALALB","13.06.09",2,"Local","Spring"
"393","CALALB","06.06.17",2,"Local","Spring"
"394","CALALB","12.09.96",8,"Local","Autumn"
"395","CALALB","27.05.06",9,"Migr","Spring"
"396","CALALB","05.08.98",4,"Migr","Autumn"
"397","CALALP","19.05.03",825,"Local","Spring"
"398","CALALP","06.08.17",300,"Local","Autumn"
"399","CALALP","27.05.87",5528,"Migr","Spring"
"400","CALALP","01.10.85",1047,"Migr","Autumn"
"401","CALMAR","03.11.17",15,"Local","Autumn"
"402","CALMAR","27.10.14",11,"Migr","Autumn"
"403","CALUTA","01.06.99",2,"Local","Spring"
"404","CALUTA","08.09.96",40,"Local","Autumn"
"405","CALUTA","07.09.89",16,"Migr","Autumn"
"406","PHALOB","30.05.96",7,"Local","Spring"
"407","PHALOB","26.05.02",7,"Local","Spring"
"408","PHALOB","30.07.79",2,"Local","Autumn"
"409","PHALOB","25.07.05",2,"Local","Autumn"
"410","PHALOB","31.05.01",40,"Migr","Spring"
"411","PHALOB","30.07.02",6,"Migr","Autumn"
"412","PHALOB","30.07.10",6,"Migr","Autumn"
"413","ACTHYP","13.05.83",10,"Local","Spring"
"414","ACTHYP","26.05.02",10,"Local","Spring"
"415","ACTHYP","20.05.06",10,"Local","Spring"
"416","ACTHYP","05.08.08",30,"Local","Autumn"
"417","ACTHYP","13.05.83",5,"Migr","Spring"
"418","ACTHYP","10.05.98",5,"Migr","Spring"
"419","ACTHYP","25.07.08",6,"Migr","Autumn"
"420","TRIOCH","13.04.08",8,"Local","Spring"
"421","TRIOCH","17.07.01",20,"Local","Autumn"
"422","TRIOCH","16.04.13",16,"Migr","Spring"
"423","TRIOCH","22.07.11",17,"Migr","Autumn"
"424","TRIOCH","29.07.17",17,"Migr","Autumn"
"425","TRIERY","08.05.14",9,"Local","Spring"
"426","TRIERY","03.08.83",15,"Local","Autumn"
"427","TRIERY","20.08.11",15,"Local","Autumn"
"428","TRIERY","10.05.08",28,"Migr","Spring"
"429","TRIERY","11.06.11",41,"Migr","Autumn"
"430","TRINEB","04.05.95",45,"Local","Spring"
"431","TRINEB","12.08.83",70,"Local","Autumn"
"432","TRINEB","04.05.03",35,"Migr","Spring"
"433","TRINEB","24.07.10",51,"Migr","Autumn"
"434","TRIGLA","10.05.96",30,"Local","Spring"
"435","TRIGLA","31.07.14",172,"Local","Autumn"
"436","TRIGLA","08.05.10",1015,"Migr","Spring"
"437","TRIGLA","24.07.10",1704,"Migr","Autumn"
"438","TRITOT","13.06.79",20,"Local","Spring"
"439","TRITOT","14.06.79",20,"Local","Spring"
"440","TRITOT","01.08.82",20,"Local","Autumn"
"441","TRITOT","19.07.88",20,"Local","Autumn"
"442","TRITOT","20.07.88",20,"Local","Autumn"
"443","TRITOT","06.07.90",20,"Local","Autumn"
"444","TRITOT","21.05.01",12,"Migr","Spring"
"445","TRITOT","24.07.79",23,"Migr","Autumn"
"446","LYMMIN","03.05.03",8,"Local","Spring"
"447","LYMMIN","04.05.03",8,"Local","Spring"
"448","LYMMIN","29.09.07",8,"Local","Autumn"
"449","LYMMIN","25.10.14",8,"Local","Autumn"
"450","SCORUS","04.04.10",47,"Local","Spring"
"451","SCORUS","15.10.95",10,"Local","Autumn"
"452","SCORUS","14.04.80",2,"Migr","Spring"
"453","SCORUS","19.10.08",2,"Migr","Autumn"
"454","GALGAL","14.04.95",28,"Local","Spring"
"455","GALGAL","12.09.83",20,"Local","Autumn"
"456","GALGAL","12.04.84",63,"Migr","Spring"
"457","GALGAL","01.10.14",28,"Migr","Autumn"
"458","GALMED","12.09.85",2,"Local","Autumn"
"459","GALMED","13.09.85",2,"Local","Autumn"
"460","GALMED","04.10.96",2,"Local","Autumn"
"461","STEPOM","21.10.99",3,"Local","Autumn"
"462","STEPOM","01.06.82",4,"Migr","Spring"
"463","STEPOM","22.10.14",3,"Migr","Autumn"
"464","STECUS","06.05.12",21,"Local","Spring"
"465","STECUS","05.08.10",10,"Local","Autumn"
"466","STECUS","12.08.14",10,"Local","Autumn"
"467","STECUS","11.05.02",41,"Migr","Spring"
"468","STECUS","01.08.97",22,"Migr","Autumn"
"469","STELON","03.10.99",2,"Migr","Autumn"
"470","STELON","12.09.10",2,"Migr","Autumn"
"471","CEPGRY","04.01.80",11,"Local","Spring"
"472","CEPGRY","08.12.79",17,"Local","Autumn"
"473","CEPGRY","29.04.79",10,"Migr","Spring"
"474","CEPGRY","23.07.07",8,"Migr","Autumn"
"475","ALCTOR","23.05.99",3,"Local","Spring"
"476","ALCTOR","10.07.99",7,"Local","Autumn"
"477","ALCTOR","27.05.08",31,"Migr","Spring"
"478","ALCTOR","09.07.08",76,"Migr","Autumn"
"479","URIAAL","07.07.13",2,"Migr","Autumn"
"480","URIAAL","14.07.17",2,"Migr","Autumn"
"481","STEALB","21.05.15",2,"Local","Spring"
"482","STEALB","03.06.11",2,"Migr","Spring"
"483","HYDCAS","27.05.80",18,"Local","Spring"
"484","HYDCAS","01.08.95",21,"Local","Autumn"
"485","HYDCAS","26.05.81",32,"Migr","Spring"
"486","HYDCAS","28.08.95",21,"Migr","Autumn"
"487","CHLNIG","05.08.89",2,"Local","Autumn"
"488","CHLNIG","22.05.99",6,"Migr","Spring"
"489","STESAN","13.07.91",2,"Local","Autumn"
"490","STESAN","25.08.95",2,"Local","Autumn"
"491","STESAN","10.09.17",2,"Local","Autumn"
"492","STESAN","21.04.12",4,"Migr","Spring"
"493","STESAN","26.08.04",8,"Migr","Autumn"
"494","STEHIR","05.05.16",120,"Local","Spring"
"495","STEHIR","01.08.16",200,"Local","Autumn"
"496","STEHIR","26.04.10",60,"Migr","Spring"
"497","STEHIR","09.08.16",181,"Migr","Autumn"
"498","STEAEA","14.05.00",200,"Local","Spring"
"499","STEAEA","10.07.17",250,"Local","Autumn"
"500","STEAEA","09.05.98",245,"Migr","Spring"
"501","STEAEA","18.07.06",34,"Migr","Autumn"
"502","HYDMIN","06.05.96",14,"Local","Spring"
"503","HYDMIN","13.10.01",50,"Local","Autumn"
"504","HYDMIN","08.10.11",50,"Local","Autumn"
"505","HYDMIN","02.05.03",134,"Migr","Spring"
"506","HYDMIN","07.10.11",1508,"Migr","Autumn"
"507","RISTRI","08.11.96",2,"Local","Autumn"
"508","RISTRI","03.11.99",2,"Local","Autumn"
"509","RISTRI","07.04.85",2,"Migr","Spring"
"510","RISTRI","17.04.14",2,"Migr","Spring"
"511","RISTRI","01.11.12",14,"Migr","Autumn"
"512","LARRID","10.04.81",300,"Local","Spring"
"513","LARRID","17.07.84",600,"Local","Autumn"
"514","LARRID","03.04.11",1512,"Migr","Spring"
"515","LARRID","26.07.86",4895,"Migr","Autumn"
"516","LARCAN","04.03.09",2200,"Local","Spring"
"517","LARCAN","20.09.17",3000,"Local","Autumn"
"518","LARCAN","19.03.08",1070,"Migr","Spring"
"519","LARCAN","03.11.99",4201,"Migr","Autumn"
"520","LARFUS","12.04.84",50,"Local","Spring"
"521","LARFUS","02.08.79",40,"Local","Autumn"
"522","LARFUS","14.08.79",40,"Local","Autumn"
"523","LARFUS","19.08.79",40,"Local","Autumn"
"524","LARFUS","24.04.79",57,"Migr","Spring"
"525","LARFUS","01.08.07",54,"Migr","Autumn"
"526","LARARG","20.04.92",2000,"Local","Spring"
"527","LARARG","04.09.98",600,"Local","Autumn"
"528","LARARG","30.12.99",600,"Local","Autumn"
"529","LARARG","11.04.91",528,"Migr","Spring"
"530","LARARG","10.09.86",984,"Migr","Autumn"
"531","LARHYP","24.01.97",2,"Local","Spring"
"532","LARMAR","28.03.96",120,"Local","Spring"
"533","LARMAR","15.10.91",110,"Local","Autumn"
"534","LARMAR","10.04.85",44,"Migr","Spring"
"535","LARMAR","10.09.86",96,"Migr","Autumn"
"536","COLLIV","01.01.98",50,"Local","Spring"
"537","COLLIV","25.01.98",50,"Local","Spring"
"538","COLLIV","12.11.16",70,"Local","Autumn"
"539","COLLIV","21.05.11",18,"Migr","Spring"
"540","COLLIV","24.07.13",38,"Migr","Autumn"
"541","COLOEN","31.03.06",9,"Local","Spring"
"542","COLOEN","02.10.83",8,"Local","Autumn"
"543","COLOEN","01.04.09",71,"Migr","Spring"
"544","COLOEN","19.09.97",201,"Migr","Autumn"
"545","COLPAL","01.04.99",130,"Local","Spring"
"546","COLPAL","07.10.92",50,"Local","Autumn"
"547","COLPAL","01.10.11",50,"Local","Autumn"
"548","COLPAL","10.04.96",3185,"Migr","Spring"
"549","COLPAL","26.09.10",33460,"Migr","Autumn"
"550","STRDEC","11.05.03",3,"Migr","Spring"
"551","STRDEC","11.07.00",2,"Migr","Autumn"
"552","STRTUR","07.06.80",4,"Local","Spring"
"553","STRTUR","05.06.83",4,"Local","Spring"
"554","STRTUR","01.06.79",8,"Migr","Spring"
"555","CUCCAN","01.06.82",3,"Local","Spring"
"556","CUCCAN","09.06.83",3,"Local","Spring"
"557","CUCCAN","10.06.83",3,"Local","Spring"
"558","CUCCAN","05.06.91",3,"Local","Spring"
"559","CUCCAN","07.06.97",3,"Local","Spring"
"560","CUCCAN","08.05.10",3,"Local","Spring"
"561","CUCCAN","08.09.83",7,"Local","Autumn"
"562","CUCCAN","23.05.81",2,"Migr","Spring"
"563","CUCCAN","27.05.98",2,"Migr","Spring"
"564","CUCCAN","12.05.03",2,"Migr","Spring"
"565","CUCCAN","29.05.07",2,"Migr","Spring"
"566","CUCCAN","18.05.08",2,"Migr","Spring"
"567","CUCCAN","31.05.11",2,"Migr","Spring"
"568","CUCCAN","19.08.10",17,"Migr","Autumn"
"569","BUBBUB","04.10.89",2,"Local","Autumn"
"570","BUBBUB","22.10.92",2,"Local","Autumn"
"571","BUBBUB","01.11.94",2,"Local","Autumn"
"572","BUBBUB","03.11.95",2,"Local","Autumn"
"573","BUBBUB","07.11.97",2,"Local","Autumn"
"574","BUBBUB","03.11.00",2,"Local","Autumn"
"575","SURULU","28.09.13",4,"Local","Autumn"
"576","GLAPAS","09.10.09",35,"Local","Autumn"
"577","STRALU","06.04.13",2,"Local","Spring"
"578","STRALU","27.02.15",2,"Local","Spring"
"579","STRALU","27.10.00",5,"Local","Autumn"
"580","STRALU","11.10.09",5,"Local","Autumn"
"581","STRURA","18.10.09",3,"Local","Autumn"
"582","ASIOTU","31.03.92",4,"Local","Spring"
"583","ASIOTU","03.04.99",4,"Local","Spring"
"584","ASIOTU","21.10.93",27,"Local","Autumn"
"585","ASIOTU","19.10.94",2,"Migr","Autumn"
"586","ASIOTU","01.10.11",2,"Migr","Autumn"
"587","ASIFLA","24.04.81",2,"Local","Spring"
"588","ASIFLA","12.04.90",2,"Local","Spring"
"589","ASIFLA","18.04.98",2,"Local","Spring"
"590","ASIFLA","15.04.05",2,"Local","Spring"
"591","ASIFLA","30.05.13",2,"Local","Spring"
"592","ASIFLA","22.10.12",7,"Local","Autumn"
"593","ASIFLA","23.10.12",7,"Local","Autumn"
"594","ASIFLA","20.04.14",5,"Migr","Spring"
"595","ASIFLA","21.09.01",2,"Migr","Autumn"
"596","ASIFLA","11.10.01",2,"Migr","Autumn"
"597","AEGFUN","18.10.89",40,"Local","Autumn"
"598","AEGFUN","27.09.87",6,"Migr","Autumn"
"599","CAPEUR","22.05.12",2,"Local","Spring"
"600","CAPEUR","28.08.85",2,"Local","Autumn"
"601","CAPEUR","21.08.86",2,"Local","Autumn"
"602","CAPEUR","10.09.03",2,"Local","Autumn"
"603","CAPEUR","02.09.04",2,"Local","Autumn"
"604","CAPEUR","05.09.04",2,"Local","Autumn"
"605","CAPEUR","20.08.05",2,"Local","Autumn"
"606","CAPEUR","26.08.10",2,"Local","Autumn"
"607","CAPEUR","27.08.10",2,"Local","Autumn"
"608","CAPEUR","31.08.12",2,"Local","Autumn"
"609","CAPEUR","31.08.16",2,"Local","Autumn"
"610","APUAPU","12.06.01",400,"Local","Spring"
"611","APUAPU","13.06.10",400,"Local","Spring"
"612","APUAPU","25.07.86",1000,"Local","Autumn"
"613","APUAPU","14.07.08",1000,"Local","Autumn"
"614","APUAPU","30.05.98",457,"Migr","Spring"
"615","APUAPU","07.08.85",1973,"Migr","Autumn"
"616","MERAPI","26.05.03",3,"Migr","Spring"
"617","JYNTOR","03.05.03",5,"Local","Spring"
"618","JYNTOR","01.08.80",8,"Local","Autumn"
"619","JYNTOR","12.05.14",4,"Migr","Spring"
"620","PICCAN","19.04.00",2,"Local","Spring"
"621","PICCAN","15.03.16",2,"Local","Spring"
"622","PICCAN","30.03.17",2,"Local","Spring"
"623","PICCAN","24.07.96",2,"Local","Autumn"
"624","PICCAN","27.07.96",2,"Local","Autumn"
"625","PICCAN","01.08.96",2,"Local","Autumn"
"626","PICCAN","08.08.96",2,"Local","Autumn"
"627","PICCAN","25.10.04",3,"Migr","Autumn"
"628","PICCAN","20.10.17",3,"Migr","Autumn"
"629","DRYMAR","28.03.00",2,"Local","Spring"
"630","DRYMAR","01.05.00",2,"Local","Spring"
"631","DRYMAR","14.05.00",2,"Local","Spring"
"632","DRYMAR","17.05.00",2,"Local","Spring"
"633","DRYMAR","16.03.02",2,"Local","Spring"
"634","DRYMAR","17.04.05",2,"Local","Spring"
"635","DRYMAR","06.04.08",2,"Local","Spring"
"636","DRYMAR","27.04.08",2,"Local","Spring"
"637","DRYMAR","13.09.08",10,"Local","Autumn"
"638","DRYMAR","29.04.09",2,"Migr","Spring"
"639","DRYMAR","09.09.15",58,"Migr","Autumn"
"640","DENMAJ","12.04.12",2,"Local","Spring"
"641","DENMAJ","09.04.16",2,"Local","Spring"
"642","DENMAJ","14.04.16",2,"Local","Spring"
"643","DENMAJ","06.01.80",2,"Local","Spring"
"644","DENMAJ","26.01.80",2,"Local","Spring"
"645","DENMAJ","08.04.80",2,"Local","Spring"
"646","DENMAJ","18.04.84",2,"Local","Spring"
"647","DENMAJ","01.04.86",2,"Local","Spring"
"648","DENMAJ","04.05.86",2,"Local","Spring"
"649","DENMAJ","09.04.94",2,"Local","Spring"
"650","DENMAJ","21.04.94",2,"Local","Spring"
"651","DENMAJ","22.04.94",2,"Local","Spring"
"652","DENMAJ","23.04.94",2,"Local","Spring"
"653","DENMAJ","28.03.00",2,"Local","Spring"
"654","DENMAJ","03.05.02",2,"Local","Spring"
"655","DENMAJ","04.05.02",2,"Local","Spring"
"656","DENMAJ","16.04.05",2,"Local","Spring"
"657","DENMAJ","21.04.05",2,"Local","Spring"
"658","DENMAJ","30.03.12",2,"Local","Spring"
"659","DENMAJ","16.04.12",2,"Local","Spring"
"660","DENMAJ","23.04.12",2,"Local","Spring"
"661","DENMAJ","29.04.12",2,"Local","Spring"
"662","DENMAJ","07.05.12",2,"Local","Spring"
"663","DENMAJ","08.05.12",2,"Local","Spring"
"664","DENMAJ","26.03.13",2,"Local","Spring"
"665","DENMAJ","29.03.13",2,"Local","Spring"
"666","DENMAJ","01.04.13",2,"Local","Spring"
"667","DENMAJ","04.04.13",2,"Local","Spring"
"668","DENMAJ","05.04.13",2,"Local","Spring"
"669","DENMAJ","05.05.13",2,"Local","Spring"
"670","DENMAJ","15.04.16",2,"Local","Spring"
"671","DENMAJ","21.04.16",2,"Local","Spring"
"672","DENMAJ","22.04.16",2,"Local","Spring"
"673","DENMAJ","12.04.17",2,"Local","Spring"
"674","DENMAJ","29.07.13",30,"Local","Autumn"
"675","DENMAJ","16.04.16",6,"Migr","Spring"
"676","DENMAJ","19.08.01",1042,"Migr","Autumn"
"677","DENLEU","17.10.15",3,"Local","Autumn"
"678","DENLEU","14.10.15",3,"Local","Autumn"
"679","DENLEU","15.10.15",3,"Local","Autumn"
"680","DENLEU","27.10.15",3,"Local","Autumn"
"681","DENLEU","17.10.15",9,"Migr","Autumn"
"682","DENLEU","13.10.15",9,"Migr","Autumn"
"683","DENMIN","03.05.09",3,"Local","Spring"
"684","DENMIN","28.04.15",3,"Local","Spring"
"685","DENMIN","30.10.86",10,"Local","Autumn"
"686","DENMIN","01.04.08",3,"Migr","Spring"
"687","DENMIN","04.10.86",51,"Migr","Autumn"
"688","PICTRI","02.11.87",4,"Local","Autumn"
"689","PICTRI","05.10.15",4,"Local","Autumn"
"690","PICTRI","08.10.08",70,"Migr","Autumn"
"691","LULARB","02.04.95",7,"Local","Spring"
"692","LULARB","21.09.00",9,"Local","Autumn"
"693","LULARB","11.04.06",12,"Migr","Spring"
"694","LULARB","30.09.07",348,"Migr","Autumn"
"695","ALAARV","30.03.92",70,"Local","Spring"
"696","ALAARV","09.10.12",10,"Local","Autumn"
"697","ALAARV","26.03.10",862,"Migr","Spring"
"698","ALAARV","06.10.99",99,"Migr","Autumn"
"699","EREALP","24.04.07",2,"Migr","Spring"
"700","EREALP","01.04.10",2,"Migr","Spring"
"701","EREALP","08.10.86",4,"Migr","Autumn"
"702","EREALP","15.10.04",4,"Migr","Autumn"
"703","EREALP","12.10.06",4,"Migr","Autumn"
"704","EREALP","23.10.07",4,"Migr","Autumn"
"705","RIPRIP","28.05.80",15,"Local","Spring"
"706","RIPRIP","27.07.86",120,"Local","Autumn"
"707","RIPRIP","21.05.96",26,"Migr","Spring"
"708","RIPRIP","14.08.01",311,"Migr","Autumn"
"709","HIRRUS","28.05.80",70,"Local","Spring"
"710","HIRRUS","04.09.07",400,"Local","Autumn"
"711","HIRRUS","20.05.11",153,"Migr","Spring"
"712","HIRRUS","02.09.99",1185,"Migr","Autumn"
"713","DELURB","31.05.83",70,"Local","Spring"
"714","DELURB","21.05.95",70,"Local","Spring"
"715","DELURB","27.05.95",70,"Local","Spring"
"716","DELURB","10.08.09",354,"Local","Autumn"
"717","DELURB","21.05.96",141,"Migr","Spring"
"718","DELURB","25.08.05",6185,"Migr","Autumn"
"719","ANTTRI","03.05.84",31,"Local","Spring"
"720","ANTTRI","28.08.84",70,"Local","Autumn"
"721","ANTTRI","05.05.12",186,"Migr","Spring"
"722","ANTTRI","19.08.06",17298,"Migr","Autumn"
"723","ANTPRA","16.04.01",25,"Local","Spring"
"724","ANTPRA","22.09.90",100,"Local","Autumn"
"725","ANTPRA","23.04.95",145,"Migr","Spring"
"726","ANTPRA","11.10.98",11481,"Migr","Autumn"
"727","ANTCER","17.09.13",12,"Local","Autumn"
"728","ANTCER","12.05.86",2,"Migr","Spring"
"729","ANTCER","06.09.00",13,"Migr","Autumn"
"730","ANTPET","14.04.83",5,"Local","Spring"
"731","ANTPET","21.04.83",5,"Local","Spring"
"732","ANTPET","22.09.85",2,"Local","Autumn"
"733","ANTPET","21.08.79",2,"Local","Autumn"
"734","ANTPET","22.08.79",2,"Local","Autumn"
"735","ANTPET","26.07.85",2,"Local","Autumn"
"736","ANTPET","20.10.92",2,"Local","Autumn"
"737","ANTPET","05.11.92",2,"Local","Autumn"
"738","ANTPET","02.11.03",2,"Local","Autumn"
"739","ANTPET","03.09.09",2,"Local","Autumn"
"740","ANTPET","31.07.15",2,"Local","Autumn"
"741","ANTPET","04.04.09",5,"Migr","Spring"
"742","ANTPET","04.09.79",4,"Migr","Autumn"
"743","ANTPET","14.08.79",4,"Migr","Autumn"
"744","ANTPET","13.09.17",4,"Migr","Autumn"
"745","MOTFLA","15.05.16",30,"Local","Spring"
"746","MOTFLA","28.08.86",500,"Local","Autumn"
"747","MOTFLA","11.05.96",50,"Migr","Spring"
"748","MOTFLA","26.08.05",3001,"Migr","Autumn"
"749","MOTCIN","27.10.83",2,"Migr","Autumn"
"750","MOTCIN","04.11.14",2,"Migr","Autumn"
"751","MOTALB","11.05.86",40,"Local","Spring"
"752","MOTALB","07.09.08",200,"Local","Autumn"
"753","MOTALB","17.04.99",370,"Migr","Spring"
"754","MOTALB","14.09.06",1735,"Migr","Autumn"
"755","BOMGAR","04.02.96",200,"Local","Spring"
"756","BOMGAR","09.10.04",4000,"Local","Autumn"
"757","BOMGAR","10.10.04",4000,"Local","Autumn"
"758","BOMGAR","14.03.03",2026,"Migr","Spring"
"759","BOMGAR","08.10.04",6385,"Migr","Autumn"
"760","CINCIN","04.12.94",2,"Local","Autumn"
"761","CINCIN","14.11.98",2,"Local","Autumn"
"762","CINCIN","27.12.02",2,"Local","Autumn"
"763","TROTRO","20.04.95",20,"Local","Spring"
"764","TROTRO","05.10.00",40,"Local","Autumn"
"765","PRUMOD","21.04.01",15,"Local","Spring"
"766","PRUMOD","13.09.09",53,"Local","Autumn"
"767","PRUMOD","18.04.99",100,"Migr","Spring"
"768","PRUMOD","13.09.12",1251,"Migr","Autumn"
"769","ERIRUB","01.05.03",120,"Local","Spring"
"770","ERIRUB","22.04.11",120,"Local","Spring"
"771","ERIRUB","22.09.04",300,"Local","Autumn"
"772","ERIRUB","03.04.11",5,"Migr","Spring"
"773","ERIRUB","01.10.14",60,"Migr","Autumn"
"774","LUSLUS","21.05.09",14,"Local","Spring"
"775","LUSLUS","20.07.09",15,"Local","Autumn"
"776","LUSSVE","13.05.88",50,"Local","Spring"
"777","LUSSVE","04.09.81",7,"Local","Autumn"
"778","PHOOCH","09.04.11",2,"Migr","Spring"
"779","PHOPHO","11.05.85",30,"Local","Spring"
"780","PHOPHO","11.09.08",20,"Local","Autumn"
"781","PHOPHO","10.09.80",20,"Local","Autumn"
"782","PHOPHO","30.08.81",20,"Local","Autumn"
"783","PHOPHO","13.09.86",20,"Local","Autumn"
"784","PHOPHO","30.08.95",20,"Local","Autumn"
"785","PHOPHO","26.08.03",2,"Migr","Autumn"
"786","PHOPHO","18.08.12",2,"Migr","Autumn"
"787","SAXTRA","11.05.85",15,"Local","Spring"
"788","SAXTRA","19.08.90",15,"Local","Autumn"
"789","SAXTRA","29.08.00",15,"Local","Autumn"
"790","SAXTRA","27.08.97",26,"Migr","Autumn"
"791","OENOEN","28.04.83",20,"Local","Spring"
"792","OENOEN","04.08.81",15,"Local","Autumn"
"793","OENOEN","16.08.81",15,"Local","Autumn"
"794","OENOEN","22.08.85",15,"Local","Autumn"
"795","OENOEN","19.05.80",9,"Migr","Spring"
"796","OENOEN","11.09.99",15,"Migr","Autumn"
"797","TURTOR","16.05.79",2,"Local","Spring"
"798","TURTOR","04.05.13",2,"Local","Spring"
"799","TURTOR","27.04.13",4,"Migr","Spring"
"800","TURMER","04.04.09",45,"Local","Spring"
"801","TURMER","22.10.12",50,"Local","Autumn"
"802","TURMER","03.04.11",149,"Migr","Spring"
"803","TURMER","20.10.02",42,"Migr","Autumn"
"804","TURPIL","08.01.99",260,"Local","Spring"
"805","TURPIL","05.10.04",2000,"Local","Autumn"
"806","TURPIL","11.03.03",12330,"Migr","Spring"
"807","TURPIL","19.10.09",17325,"Migr","Autumn"
"808","TURPHI","23.04.99",150,"Local","Spring"
"809","TURPHI","15.09.86",100,"Local","Autumn"
"810","TURPHI","22.04.88",300,"Migr","Spring"
"811","TURPHI","26.09.11",156,"Migr","Autumn"
"812","TURILI","17.04.82",300,"Local","Spring"
"813","TURILI","11.04.99",300,"Local","Spring"
"814","TURILI","15.10.86",70,"Local","Autumn"
"815","TURILI","19.04.80",35724,"Migr","Spring"
"816","TURILI","10.10.89",437,"Migr","Autumn"
"817","TURVIS","14.04.91",6,"Local","Spring"
"818","TURVIS","17.04.92",6,"Local","Spring"
"819","TURVIS","16.10.09",120,"Local","Autumn"
"820","TURVIS","05.04.11",110,"Migr","Spring"
"821","TURVIS","30.09.07",1173,"Migr","Autumn"
"822","LOCNAE","05.08.11",2,"Local","Autumn"
"823","IDUCAL","13.06.11",2,"Local","Spring"
"824","HIPICT","30.05.88",15,"Local","Spring"
"825","HIPICT","21.07.88",30,"Local","Autumn"
"826","ACRSCH","04.06.94",6,"Local","Spring"
"827","ACRSCH","21.05.09",6,"Local","Spring"
"828","ACRSCH","21.08.87",12,"Local","Autumn"
"829","ACRSCH","18.05.87",2,"Migr","Spring"
"830","ACRDUM","06.06.98",4,"Local","Spring"
"831","ACRDUM","10.06.98",4,"Local","Spring"
"832","ACRDUM","30.05.07",4,"Local","Spring"
"833","ACRDUM","27.05.13",4,"Local","Spring"
"834","ACRDUM","17.07.98",5,"Local","Autumn"
"835","ACRDUM","18.07.98",5,"Local","Autumn"
"836","ACRDUM","24.07.98",5,"Local","Autumn"
"837","ACRDUM","25.07.98",5,"Local","Autumn"
"838","ACRDUM","26.07.98",5,"Local","Autumn"
"839","ACRRIS","31.05.95",5,"Local","Spring"
"840","ACRRIS","02.08.81",4,"Local","Autumn"
"841","ACRRIS","20.07.00",4,"Local","Autumn"
"842","ACRRIS","22.07.00",4,"Local","Autumn"
"843","ACRSCI","30.05.00",5,"Local","Spring"
"844","ACRSCI","28.07.98",5,"Local","Autumn"
"845","ACRARU","21.05.16",2,"Local","Spring"
"846","SYLNIS","04.06.82",6,"Local","Spring"
"847","SYLNIS","30.07.80",10,"Local","Autumn"
"848","SYLCUR","10.05.13",60,"Local","Spring"
"849","SYLCUR","13.08.85",30,"Local","Autumn"
"850","SYLCUR","21.08.85",30,"Local","Autumn"
"851","SYLCUR","06.08.08",30,"Local","Autumn"
"852","SYLCUR","12.05.02",4,"Migr","Spring"
"853","SYLCUR","22.08.93",3,"Migr","Autumn"
"854","SYLCOM","31.05.08",35,"Local","Spring"
"855","SYLCOM","24.07.98",25,"Local","Autumn"
"856","SYLCOM","29.05.08",3,"Migr","Spring"
"857","SYLCOM","31.07.17",3,"Migr","Autumn"
"858","SYLBOR","05.06.87",100,"Local","Spring"
"859","SYLBOR","21.08.85",200,"Local","Autumn"
"860","SYLATR","26.05.07",25,"Local","Spring"
"861","SYLATR","10.09.80",70,"Local","Autumn"
"862","SYLATR","26.10.86",2,"Migr","Autumn"
"863","PHYDES","25.05.14",5,"Local","Spring"
"864","PHYDES","03.08.89",5,"Local","Autumn"
"865","PHYDES","04.08.89",5,"Local","Autumn"
"866","PHYPRO","27.10.98",2,"Local","Autumn"
"867","PHYPRO","03.10.03",2,"Local","Autumn"
"868","PHYPRO","05.10.03",2,"Local","Autumn"
"869","PHYINO","20.09.15",5,"Local","Autumn"
"870","PHYSIB","09.05.14",7,"Local","Spring"
"871","PHYSIB","21.08.85",25,"Local","Autumn"
"872","PHYSIB","17.05.10",2,"Migr","Spring"
"873","PHYSIB","08.08.84",4,"Migr","Autumn"
"874","PHYSIB","19.08.05",4,"Migr","Autumn"
"875","PHYCOL","09.05.81",20,"Local","Spring"
"876","PHYCOL","10.05.81",20,"Local","Spring"
"877","PHYCOL","04.10.98",30,"Local","Autumn"
"878","PHYCOL","09.10.10",30,"Local","Autumn"
"879","PHYCOL","26.09.92",30,"Local","Autumn"
"880","PHYCOL","30.09.17",30,"Local","Autumn"
"881","PHYCOL","20.04.01",2,"Migr","Spring"
"882","PHYCOL","27.04.03",2,"Migr","Spring"
"883","PHYCOL","24.04.11",2,"Migr","Spring"
"884","PHYCOL","27.04.12",2,"Migr","Spring"
"885","PHYCOL","05.10.16",2,"Migr","Autumn"
"886","PHYLUS","31.05.91",150,"Local","Spring"
"887","PHYLUS","21.08.83",400,"Local","Autumn"
"888","PHYLUS","01.09.83",400,"Local","Autumn"
"889","PHYLUS","18.08.87",400,"Local","Autumn"
"890","PHYLUS","27.08.88",400,"Local","Autumn"
"891","PHYLUS","01.09.94",400,"Local","Autumn"
"892","PHYLUS","18.08.03",400,"Local","Autumn"
"893","PHYLUS","10.05.10",6,"Migr","Spring"
"894","PHYLUS","29.08.10",28,"Migr","Autumn"
"895","REGREG","20.03.92",130,"Local","Spring"
"896","REGREG","07.10.08",1000,"Local","Autumn"
"897","REGREG","31.03.17",14,"Migr","Spring"
"898","REGREG","05.10.00",745,"Migr","Autumn"
"899","MUSSTR","21.05.09",40,"Local","Spring"
"900","MUSSTR","27.08.85",80,"Local","Autumn"
"901","MUSSTR","25.05.14",40,"Migr","Spring"
"902","MUSSTR","31.08.85",190,"Migr","Autumn"
"903","FICPAR","09.05.13",8,"Local","Spring"
"904","FICPAR","14.09.10",11,"Local","Autumn"
"905","FICPAR","25.08.12",2,"Migr","Autumn"
"906","FICHYP","14.05.86",40,"Local","Spring"
"907","FICHYP","24.08.82",35,"Local","Autumn"
"908","FICHYP","16.08.95",35,"Local","Autumn"
"909","FICHYP","15.08.12",35,"Local","Autumn"
"910","FICHYP","02.05.10",5,"Migr","Spring"
"911","FICHYP","16.08.95",16,"Migr","Autumn"
"912","PANBIA","15.04.09",2,"Migr","Spring"
"913","PANBIA","06.10.16",14,"Migr","Autumn"
"914","AEGCAU","16.03.92",12,"Local","Spring"
"915","AEGCAU","17.03.92",12,"Local","Spring"
"916","AEGCAU","16.10.00",500,"Local","Autumn"
"917","AEGCAU","24.03.17",10,"Migr","Spring"
"918","AEGCAU","15.10.00",8680,"Migr","Autumn"
"919","CYACAE","27.03.99",35,"Local","Spring"
"920","CYACAE","11.10.90",700,"Local","Autumn"
"921","CYACAE","10.04.11",282,"Migr","Spring"
"922","CYACAE","05.10.99",7355,"Migr","Autumn"
"923","PARMAJ","03.04.88",50,"Local","Spring"
"924","PARMAJ","01.01.03",50,"Local","Spring"
"925","PARMAJ","26.02.07",50,"Local","Spring"
"926","PARMAJ","16.10.81",702,"Local","Autumn"
"927","PARMAJ","01.04.08",74,"Migr","Spring"
"928","PARMAJ","05.10.99",5948,"Migr","Autumn"
"929","PERATE","11.03.05",6,"Local","Spring"
"930","PERATE","21.09.83",500,"Local","Autumn"
"931","PERATE","27.09.83",500,"Local","Autumn"
"932","PERATE","02.05.03",7,"Migr","Spring"
"933","PERATE","19.09.09",9757,"Migr","Autumn"
"934","LOPCRI","27.04.84",3,"Local","Spring"
"935","LOPCRI","11.04.95",3,"Local","Spring"
"936","LOPCRI","26.02.05",3,"Local","Spring"
"937","LOPCRI","07.02.09",3,"Local","Spring"
"938","LOPCRI","19.09.92",14,"Local","Autumn"
"939","LOPCRI","30.03.04",2,"Migr","Spring"
"940","LOPCRI","01.04.04",2,"Migr","Spring"
"941","LOPCRI","03.04.04",2,"Migr","Spring"
"942","LOPCRI","01.04.09",2,"Migr","Spring"
"943","LOPCRI","20.09.10",18,"Migr","Autumn"
"944","POEMON","01.01.80",5,"Local","Spring"
"945","POEMON","02.01.80",5,"Local","Spring"
"946","POEMON","06.01.80",5,"Local","Spring"
"947","POEMON","30.01.80",5,"Local","Spring"
"948","POEMON","24.09.80",300,"Local","Autumn"
"949","POEMON","28.09.80",300,"Local","Autumn"
"950","POEMON","20.09.10",2971,"Migr","Autumn"
"951","POECIN","14.10.94",5,"Local","Autumn"
"952","POECIN","06.10.01",5,"Migr","Autumn"
"953","SITEUR","10.10.81",3,"Local","Autumn"
"954","SITEUR","27.10.83",3,"Local","Autumn"
"955","SITEUR","07.10.90",3,"Local","Autumn"
"956","SITEUR","11.10.90",3,"Local","Autumn"
"957","SITEUR","22.10.95",3,"Local","Autumn"
"958","SITEUR","09.10.14",3,"Local","Autumn"
"959","SITEUR","12.10.95",123,"Migr","Autumn"
"960","CERFAM","21.03.92",10,"Local","Spring"
"961","CERFAM","28.10.08",50,"Local","Autumn"
"962","CERFAM","30.03.05",2,"Migr","Spring"
"963","CERFAM","29.10.08",11,"Migr","Autumn"
"964","REMPEN","08.08.12",6,"Local","Autumn"
"965","REMPEN","09.08.12",6,"Local","Autumn"
"966","REMPEN","28.03.16",2,"Migr","Spring"
"967","ORIORI","03.06.14",2,"Local","Spring"
"968","ORIORI","30.05.16",2,"Local","Spring"
"969","ORIORI","07.06.17",2,"Local","Spring"
"970","ORIORI","10.06.00",3,"Migr","Spring"
"971","LANCOL","07.06.79",10,"Local","Spring"
"972","LANCOL","30.05.88",10,"Local","Spring"
"973","LANCOL","08.06.91",10,"Local","Spring"
"974","LANCOL","27.08.97",15,"Local","Autumn"
"975","LANCOL","06.08.79",15,"Local","Autumn"
"976","LANCOL","24.08.88",15,"Local","Autumn"
"977","LANCOL","31.05.08",3,"Migr","Spring"
"978","LANCOL","20.05.07",3,"Migr","Spring"
"979","LANCOL","31.07.84",2,"Migr","Autumn"
"980","LANEXC","24.04.93",2,"Local","Spring"
"981","LANEXC","15.04.05",2,"Local","Spring"
"982","LANEXC","06.04.12",2,"Local","Spring"
"983","LANEXC","06.11.91",4,"Local","Autumn"
"984","LANEXC","12.10.02",4,"Local","Autumn"
"985","LANEXC","19.04.80",2,"Migr","Spring"
"986","LANEXC","17.04.00",2,"Migr","Spring"
"987","LANEXC","15.04.05",2,"Migr","Spring"
"988","LANEXC","02.10.83",15,"Migr","Autumn"
"989","GARGLA","07.10.90",30,"Local","Autumn"
"990","GARGLA","01.06.00",9,"Migr","Spring"
"991","GARGLA","25.09.10",3265,"Migr","Autumn"
"992","PICPIC","01.04.92",8,"Local","Spring"
"993","PICPIC","12.09.86",5,"Local","Autumn"
"994","PICPIC","13.09.86",5,"Local","Autumn"
"995","PICPIC","31.12.02",5,"Local","Autumn"
"996","PICPIC","06.08.09",5,"Local","Autumn"
"997","PICPIC","04.03.10",11,"Migr","Spring"
"998","PICPIC","04.11.99",59,"Migr","Autumn"
"999","NUCCAR","06.09.85",20,"Local","Autumn"
"1000","NUCCAR","28.08.95",2022,"Migr","Autumn"
"1001","CORMON","29.05.13",50,"Local","Spring"
"1002","CORMON","08.11.14",170,"Local","Autumn"
"1003","CORMON","20.04.13",564,"Migr","Spring"
"1004","CORMON","11.10.13",6769,"Migr","Autumn"
"1005","CORFRU","26.03.91",40,"Local","Spring"
"1006","CORFRU","31.03.91",40,"Local","Spring"
"1007","CORFRU","31.10.89",25,"Local","Autumn"
"1008","CORFRU","10.04.80",84,"Migr","Spring"
"1009","CORFRU","20.10.00",38,"Migr","Autumn"
"1010","CORNIX","31.03.91",150,"Local","Spring"
"1011","CORNIX","19.09.92",200,"Local","Autumn"
"1012","CORNIX","27.09.93",200,"Local","Autumn"
"1013","CORNIX","22.09.98",200,"Local","Autumn"
"1014","CORNIX","14.10.00",200,"Local","Autumn"
"1015","CORNIX","17.03.04",118,"Migr","Spring"
"1016","CORNIX","10.10.99",2176,"Migr","Autumn"
"1017","CORRAX","30.03.92",35,"Local","Spring"
"1018","CORRAX","21.03.08",35,"Local","Spring"
"1019","CORRAX","22.09.12",50,"Local","Autumn"
"1020","CORRAX","29.02.12",44,"Migr","Spring"
"1021","CORRAX","09.09.12",94,"Migr","Autumn"
"1022","STUVUL","29.03.92",140,"Local","Spring"
"1023","STUVUL","12.08.17",450,"Local","Autumn"
"1024","STUVUL","09.04.06",965,"Migr","Spring"
"1025","STUVUL","31.10.81",3896,"Migr","Autumn"
"1026","PASDOM","30.04.96",2,"Local","Spring"
"1027","PASDOM","01.01.08",2,"Local","Spring"
"1028","PASDOM","02.01.08",2,"Local","Spring"
"1029","PASDOM","03.01.08",2,"Local","Spring"
"1030","PASDOM","14.04.09",2,"Local","Spring"
"1031","PASDOM","05.07.10",15,"Local","Autumn"
"1032","PASDOM","25.04.80",8,"Migr","Spring"
"1033","PASDOM","13.10.88",439,"Migr","Autumn"
"1034","PASMON","30.04.10",11,"Local","Spring"
"1035","PASMON","05.08.14",40,"Local","Autumn"
"1036","PASMON","09.04.11",5,"Migr","Spring"
"1037","PASMON","11.10.13",588,"Migr","Autumn"
"1038","FRICOE","16.04.84",200,"Local","Spring"
"1039","FRICOE","05.04.91",200,"Local","Spring"
"1040","FRICOE","06.10.90",400,"Local","Autumn"
"1041","FRICOE","18.04.99",17020,"Migr","Spring"
"1042","FRICOE","20.09.05",54330,"Migr","Autumn"
"1043","FRIMON","30.04.97",80,"Local","Spring"
"1044","FRIMON","06.10.14",200,"Local","Autumn"
"1045","FRIMON","19.04.15",203,"Migr","Spring"
"1046","FRIMON","03.10.00",12326,"Migr","Autumn"
"1047","SERSER","01.05.09",2,"Local","Spring"
"1048","SERSER","12.06.12",2,"Local","Spring"
"1049","SERSER","20.06.92",4,"Migr","Spring"
"1050","CARCHL","20.02.01",102,"Local","Spring"
"1051","CARCHL","20.10.88",150,"Local","Autumn"
"1052","CARCHL","09.04.06",299,"Migr","Spring"
"1053","CARCHL","10.10.01",3517,"Migr","Autumn"
"1054","CARCAR","09.02.10",14,"Local","Spring"
"1055","CARCAR","10.02.10",14,"Local","Spring"
"1056","CARCAR","15.02.10",14,"Local","Spring"
"1057","CARCAR","21.02.10",14,"Local","Spring"
"1058","CARCAR","24.02.10",14,"Local","Spring"
"1059","CARCAR","26.02.10",14,"Local","Spring"
"1060","CARCAR","21.10.93",30,"Local","Autumn"
"1061","CARCAR","24.04.10",13,"Migr","Spring"
"1062","CARCAR","27.10.15",130,"Migr","Autumn"
"1063","CARSPI","27.02.01",800,"Local","Spring"
"1064","CARSPI","10.10.86",1000,"Local","Autumn"
"1065","CARSPI","31.10.98",1000,"Local","Autumn"
"1066","CARSPI","17.10.02",1000,"Local","Autumn"
"1067","CARSPI","29.04.98",2492,"Migr","Spring"
"1068","CARSPI","04.10.06",26807,"Migr","Autumn"
"1069","CARCAN","06.04.94",10,"Local","Spring"
"1070","CARCAN","15.05.94",10,"Local","Spring"
"1071","CARCAN","29.09.00",20,"Local","Autumn"
"1072","CARCAN","04.08.15",20,"Local","Autumn"
"1073","CARCAN","10.04.80",71,"Migr","Spring"
"1074","CARCAN","17.10.83",162,"Migr","Autumn"
"1075","CARRIS","06.03.09",4,"Local","Spring"
"1076","CARRIS","28.11.00",2,"Local","Autumn"
"1077","CARRIS","01.03.09",2,"Migr","Spring"
"1078","CARRIS","26.04.12",2,"Migr","Spring"
"1079","CARRIS","05.11.17",8,"Migr","Autumn"
"1080","CARMEA","01.01.99",200,"Local","Spring"
"1081","CARMEA","24.01.99",200,"Local","Spring"
"1082","CARMEA","20.04.11",200,"Local","Spring"
"1083","CARMEA","07.11.84",500,"Local","Autumn"
"1084","CARMEA","24.03.01",6933,"Migr","Spring"
"1085","CARMEA","28.10.00",3986,"Migr","Autumn"
"1086","CARHOR","16.01.96",2,"Local","Spring"
"1087","CARHOR","23.10.95",6,"Local","Autumn"
"1088","CARHOR","26.10.13",3,"Migr","Autumn"
"1089","LOXLEU","29.09.13",11,"Local","Autumn"
"1090","LOXLEU","29.07.11",40,"Migr","Autumn"
"1091","LOXCUR","28.05.95",20,"Local","Spring"
"1092","LOXCUR","22.08.85",20,"Local","Autumn"
"1093","LOXCUR","17.07.96",20,"Local","Autumn"
"1094","LOXCUR","28.05.13",405,"Migr","Spring"
"1095","LOXCUR","06.08.04",1973,"Migr","Autumn"
"1096","LOXPYT","13.01.83",7,"Local","Spring"
"1097","LOXPYT","21.10.82",20,"Local","Autumn"
"1098","LOXPYT","07.04.91",15,"Migr","Spring"
"1099","LOXPYT","08.10.09",79,"Migr","Autumn"
"1100","CARERY","26.05.03",25,"Local","Spring"
"1101","CARERY","07.08.81",10,"Local","Autumn"
"1102","CARERY","26.05.03",511,"Migr","Spring"
"1103","CARERY","17.08.85",104,"Migr","Autumn"
"1104","PINENU","13.02.13",2,"Local","Spring"
"1105","PINENU","27.10.12",25,"Local","Autumn"
"1106","PINENU","29.01.01",6,"Migr","Spring"
"1107","PINENU","16.11.12",64,"Migr","Autumn"
"1108","PYRPYR","02.03.10",25,"Local","Spring"
"1109","PYRPYR","01.11.85",100,"Local","Autumn"
"1110","PYRPYR","19.10.92",100,"Local","Autumn"
"1111","PYRPYR","15.03.94",75,"Migr","Spring"
"1112","PYRPYR","26.10.95",1541,"Migr","Autumn"
"1113","COCCOC","27.05.02",3,"Local","Spring"
"1114","COCCOC","28.05.02",3,"Local","Spring"
"1115","COCCOC","30.05.02",3,"Local","Spring"
"1116","COCCOC","10.04.09",3,"Local","Spring"
"1117","COCCOC","09.05.13",3,"Local","Spring"
"1118","COCCOC","21.10.92",5,"Local","Autumn"
"1119","COCCOC","18.04.99",31,"Migr","Spring"
"1120","COCCOC","01.11.98",11,"Migr","Autumn"
"1121","CALLAP","25.04.96",2,"Local","Spring"
"1122","CALLAP","29.04.03",2,"Local","Spring"
"1123","CALLAP","04.09.00",3,"Local","Autumn"
"1124","CALLAP","01.05.03",12,"Migr","Spring"
"1125","CALLAP","14.09.84",23,"Migr","Autumn"
"1126","PLENIV","30.03.92",60,"Local","Spring"
"1127","PLENIV","26.10.04",40,"Local","Autumn"
"1128","PLENIV","29.03.95",354,"Migr","Spring"
"1129","PLENIV","25.10.82",318,"Migr","Autumn"
"1130","EMBCIT","07.04.93",30,"Local","Spring"
"1131","EMBCIT","07.10.90",40,"Local","Autumn"
"1132","EMBCIT","06.04.81",186,"Migr","Spring"
"1133","EMBCIT","21.10.79",578,"Migr","Autumn"
"1134","EMBHOR","11.05.87",6,"Local","Spring"
"1135","EMBHOR","18.08.82",3,"Local","Autumn"
"1136","EMBHOR","10.05.82",13,"Migr","Spring"
"1137","EMBHOR","24.08.82",65,"Migr","Autumn"
"1138","EMBRUS","11.05.96",4,"Local","Spring"
"1139","EMBRUS","04.09.81",3,"Local","Autumn"
"1140","EMBRUS","07.05.81",15,"Migr","Spring"
"1141","EMBRUS","14.09.83",5,"Migr","Autumn"
"1142","EMBSCH","21.04.04",40,"Local","Spring"
"1143","EMBSCH","25.04.95",40,"Local","Spring"
"1144","EMBSCH","20.09.02",25,"Local","Autumn"
"1145","EMBSCH","19.04.98",75,"Migr","Spring"
"1146","EMBSCH","01.10.82",159,"Migr","Autumn"
